,Logistic,L1 regularised,Decision Tree_depths,Decision Tree_features,KNN,LDA,QDA,Regularised QDA
Error rate,0.15,0.148,0.291,0.203,0.162,0.155,0.201,0.191
SE,0.005,0.005,0.007,0.006,0.006,0.005,0.006,0.006
Sensitivity,0.20495185694635487,0.21320495185694635,0.8211829436038515,0.3782668500687758,0.061898211829436035,0.22420907840440166,0.5199449793672627,0.4621733149931224
Specificity,0.9795636564484949,0.9798398232532449,0.6865506766086716,0.8809721071527202,0.9933719966859983,0.9690693178679922,0.8552885943109638,0.8784866059099696
AUC,0.836,0.838,0.825,0.63,0.72,0.812,0.795,0.801
Precision,0.668,0.68,0.345,0.39,0.652,0.593,0.419,0.433
